path,label
/shared/u/xiangruz/classification/experimental/Noble/images/35/3.png,3
/shared/u/xiangruz/classification/experimental/Noble/images/73/71.png,5
/shared/u/xiangruz/classification/experimental/Noble/images/72/101.png,1
/shared/u/xiangruz/classification/experimental/Noble/images/31/21.png,0
/shared/u/xiangruz/classification/experimental/Noble/images/35/243.png,3
/shared/u/xiangruz/classification/experimental/Noble/images/69/311.png,6
/shared/u/xiangruz/classification/experimental/Noble/images/43/314.png,2
/shared/u/xiangruz/classification/experimental/Noble/images/31/204.png,0
/shared/u/xiangruz/classification/experimental/Noble/images/35/233.png,3
/shared/u/xiangruz/classification/experimental/Noble/images/43/328.png,2
/shared/u/xiangruz/classification/experimental/Noble/images/72/110.png,1
/shared/u/xiangruz/classification/experimental/Noble/images/35/164.png,3
/shared/u/xiangruz/classification/experimental/Noble/images/72/163.png,1
/shared/u/xiangruz/classification/experimental/Noble/images/35/143.png,3
/shared/u/xiangruz/classification/experimental/Noble/images/33/138.png,4
/shared/u/xiangruz/classification/experimental/Noble/images/69/115.png,6
/shared/u/xiangruz/classification/experimental/Noble/images/73/190.png,5
/shared/u/xiangruz/classification/experimental/Noble/images/72/333.png,1
/shared/u/xiangruz/classification/experimental/Noble/images/31/337.png,0
/shared/u/xiangruz/classification/experimental/Noble/images/35/1.png,3
/shared/u/xiangruz/classification/experimental/Noble/images/72/78.png,1
/shared/u/xiangruz/classification/experimental/Noble/images/73/34.png,5
/shared/u/xiangruz/classification/experimental/Noble/images/33/82.png,4
/shared/u/xiangruz/classification/experimental/Noble/images/69/353.png,6
/shared/u/xiangruz/classification/experimental/Noble/images/33/363.png,4
/shared/u/xiangruz/classification/experimental/Noble/images/73/309.png,5
/shared/u/xiangruz/classification/experimental/Noble/images/33/81.png,4
/shared/u/xiangruz/classification/experimental/Noble/images/43/286.png,2
/shared/u/xiangruz/classification/experimental/Noble/images/73/208.png,5
/shared/u/xiangruz/classification/experimental/Noble/images/35/108.png,3
/shared/u/xiangruz/classification/experimental/Noble/images/73/136.png,5
/shared/u/xiangruz/classification/experimental/Noble/images/35/251.png,3
/shared/u/xiangruz/classification/experimental/Noble/images/35/12.png,3
/shared/u/xiangruz/classification/experimental/Noble/images/33/331.png,4
/shared/u/xiangruz/classification/experimental/Noble/images/69/383.png,6
/shared/u/xiangruz/classification/experimental/Noble/images/43/28.png,2
/shared/u/xiangruz/classification/experimental/Noble/images/33/99.png,4
/shared/u/xiangruz/classification/experimental/Noble/images/31/350.png,0
/shared/u/xiangruz/classification/experimental/Noble/images/43/258.png,2
/shared/u/xiangruz/classification/experimental/Noble/images/33/185.png,4
/shared/u/xiangruz/classification/experimental/Noble/images/43/229.png,2
/shared/u/xiangruz/classification/experimental/Noble/images/31/41.png,0
/shared/u/xiangruz/classification/experimental/Noble/images/43/170.png,2
/shared/u/xiangruz/classification/experimental/Noble/images/73/259.png,5
/shared/u/xiangruz/classification/experimental/Noble/images/43/148.png,2
/shared/u/xiangruz/classification/experimental/Noble/images/73/211.png,5
/shared/u/xiangruz/classification/experimental/Noble/images/33/184.png,4
/shared/u/xiangruz/classification/experimental/Noble/images/69/206.png,6
/shared/u/xiangruz/classification/experimental/Noble/images/31/94.png,0
/shared/u/xiangruz/classification/experimental/Noble/images/31/242.png,0
/shared/u/xiangruz/classification/experimental/Noble/images/33/231.png,4
/shared/u/xiangruz/classification/experimental/Noble/images/72/187.png,1
/shared/u/xiangruz/classification/experimental/Noble/images/72/22.png,1
/shared/u/xiangruz/classification/experimental/Noble/images/35/94.png,3
/shared/u/xiangruz/classification/experimental/Noble/images/35/221.png,3
/shared/u/xiangruz/classification/experimental/Noble/images/69/6.png,6
/shared/u/xiangruz/classification/experimental/Noble/images/73/18.png,5
/shared/u/xiangruz/classification/experimental/Noble/images/35/2.png,3
/shared/u/xiangruz/classification/experimental/Noble/images/73/221.png,5
/shared/u/xiangruz/classification/experimental/Noble/images/33/62.png,4
/shared/u/xiangruz/classification/experimental/Noble/images/43/161.png,2
/shared/u/xiangruz/classification/experimental/Noble/images/43/11.png,2
/shared/u/xiangruz/classification/experimental/Noble/images/73/362.png,5
/shared/u/xiangruz/classification/experimental/Noble/images/43/56.png,2
/shared/u/xiangruz/classification/experimental/Noble/images/33/57.png,4
/shared/u/xiangruz/classification/experimental/Noble/images/72/175.png,1
/shared/u/xiangruz/classification/experimental/Noble/images/72/281.png,1
/shared/u/xiangruz/classification/experimental/Noble/images/31/148.png,0
/shared/u/xiangruz/classification/experimental/Noble/images/72/44.png,1
/shared/u/xiangruz/classification/experimental/Noble/images/33/200.png,4
/shared/u/xiangruz/classification/experimental/Noble/images/35/209.png,3
/shared/u/xiangruz/classification/experimental/Noble/images/43/199.png,2
/shared/u/xiangruz/classification/experimental/Noble/images/33/133.png,4
/shared/u/xiangruz/classification/experimental/Noble/images/72/363.png,1
/shared/u/xiangruz/classification/experimental/Noble/images/35/66.png,3
/shared/u/xiangruz/classification/experimental/Noble/images/69/11.png,6
/shared/u/xiangruz/classification/experimental/Noble/images/73/270.png,5
/shared/u/xiangruz/classification/experimental/Noble/images/33/240.png,4
/shared/u/xiangruz/classification/experimental/Noble/images/33/340.png,4
/shared/u/xiangruz/classification/experimental/Noble/images/72/212.png,1
/shared/u/xiangruz/classification/experimental/Noble/images/43/58.png,2
/shared/u/xiangruz/classification/experimental/Noble/images/69/57.png,6
/shared/u/xiangruz/classification/experimental/Noble/images/43/145.png,2
/shared/u/xiangruz/classification/experimental/Noble/images/35/176.png,3
/shared/u/xiangruz/classification/experimental/Noble/images/73/43.png,5
/shared/u/xiangruz/classification/experimental/Noble/images/73/170.png,5
/shared/u/xiangruz/classification/experimental/Noble/images/73/50.png,5
/shared/u/xiangruz/classification/experimental/Noble/images/69/93.png,6
/shared/u/xiangruz/classification/experimental/Noble/images/35/295.png,3
/shared/u/xiangruz/classification/experimental/Noble/images/72/67.png,1
/shared/u/xiangruz/classification/experimental/Noble/images/33/260.png,4
/shared/u/xiangruz/classification/experimental/Noble/images/35/313.png,3
/shared/u/xiangruz/classification/experimental/Noble/images/33/92.png,4
/shared/u/xiangruz/classification/experimental/Noble/images/31/280.png,0
/shared/u/xiangruz/classification/experimental/Noble/images/72/207.png,1
/shared/u/xiangruz/classification/experimental/Noble/images/43/20.png,2
/shared/u/xiangruz/classification/experimental/Noble/images/43/27.png,2
/shared/u/xiangruz/classification/experimental/Noble/images/35/244.png,3
/shared/u/xiangruz/classification/experimental/Noble/images/69/321.png,6
/shared/u/xiangruz/classification/experimental/Noble/images/73/4.png,5
/shared/u/xiangruz/classification/experimental/Noble/images/72/358.png,1
/shared/u/xiangruz/classification/experimental/Noble/images/33/127.png,4
/shared/u/xiangruz/classification/experimental/Noble/images/73/129.png,5
/shared/u/xiangruz/classification/experimental/Noble/images/35/253.png,3
/shared/u/xiangruz/classification/experimental/Noble/images/69/185.png,6
/shared/u/xiangruz/classification/experimental/Noble/images/72/233.png,1
/shared/u/xiangruz/classification/experimental/Noble/images/69/249.png,6
/shared/u/xiangruz/classification/experimental/Noble/images/35/267.png,3
/shared/u/xiangruz/classification/experimental/Noble/images/31/228.png,0
/shared/u/xiangruz/classification/experimental/Noble/images/73/66.png,5
/shared/u/xiangruz/classification/experimental/Noble/images/33/164.png,4
/shared/u/xiangruz/classification/experimental/Noble/images/31/232.png,0
/shared/u/xiangruz/classification/experimental/Noble/images/43/316.png,2
/shared/u/xiangruz/classification/experimental/Noble/images/35/174.png,3
/shared/u/xiangruz/classification/experimental/Noble/images/43/325.png,2
/shared/u/xiangruz/classification/experimental/Noble/images/69/304.png,6
/shared/u/xiangruz/classification/experimental/Noble/images/33/168.png,4
/shared/u/xiangruz/classification/experimental/Noble/images/35/344.png,3
/shared/u/xiangruz/classification/experimental/Noble/images/69/103.png,6
/shared/u/xiangruz/classification/experimental/Noble/images/33/197.png,4
/shared/u/xiangruz/classification/experimental/Noble/images/73/117.png,5
/shared/u/xiangruz/classification/experimental/Noble/images/73/182.png,5
/shared/u/xiangruz/classification/experimental/Noble/images/72/30.png,1
/shared/u/xiangruz/classification/experimental/Noble/images/43/94.png,2
/shared/u/xiangruz/classification/experimental/Noble/images/69/40.png,6
/shared/u/xiangruz/classification/experimental/Noble/images/33/339.png,4
/shared/u/xiangruz/classification/experimental/Noble/images/35/96.png,3
/shared/u/xiangruz/classification/experimental/Noble/images/73/288.png,5
/shared/u/xiangruz/classification/experimental/Noble/images/35/157.png,3
/shared/u/xiangruz/classification/experimental/Noble/images/72/130.png,1
/shared/u/xiangruz/classification/experimental/Noble/images/33/177.png,4
/shared/u/xiangruz/classification/experimental/Noble/images/35/363.png,3
/shared/u/xiangruz/classification/experimental/Noble/images/35/58.png,3
/shared/u/xiangruz/classification/experimental/Noble/images/35/252.png,3
/shared/u/xiangruz/classification/experimental/Noble/images/31/264.png,0
/shared/u/xiangruz/classification/experimental/Noble/images/69/69.png,6
/shared/u/xiangruz/classification/experimental/Noble/images/31/353.png,0
/shared/u/xiangruz/classification/experimental/Noble/images/33/288.png,4
/shared/u/xiangruz/classification/experimental/Noble/images/69/388.png,6
/shared/u/xiangruz/classification/experimental/Noble/images/73/370.png,5
/shared/u/xiangruz/classification/experimental/Noble/images/73/61.png,5
/shared/u/xiangruz/classification/experimental/Noble/images/73/305.png,5
/shared/u/xiangruz/classification/experimental/Noble/images/33/238.png,4
/shared/u/xiangruz/classification/experimental/Noble/images/31/61.png,0
/shared/u/xiangruz/classification/experimental/Noble/images/35/111.png,3
/shared/u/xiangruz/classification/experimental/Noble/images/43/336.png,2
/shared/u/xiangruz/classification/experimental/Noble/images/31/171.png,0
/shared/u/xiangruz/classification/experimental/Noble/images/43/360.png,2
/shared/u/xiangruz/classification/experimental/Noble/images/69/85.png,6
/shared/u/xiangruz/classification/experimental/Noble/images/73/356.png,5
/shared/u/xiangruz/classification/experimental/Noble/images/72/100.png,1
/shared/u/xiangruz/classification/experimental/Noble/images/73/49.png,5
/shared/u/xiangruz/classification/experimental/Noble/images/31/281.png,0
/shared/u/xiangruz/classification/experimental/Noble/images/35/139.png,3
/shared/u/xiangruz/classification/experimental/Noble/images/69/335.png,6
/shared/u/xiangruz/classification/experimental/Noble/images/69/379.png,6
/shared/u/xiangruz/classification/experimental/Noble/images/72/394.png,1
/shared/u/xiangruz/classification/experimental/Noble/images/69/316.png,6
/shared/u/xiangruz/classification/experimental/Noble/images/72/18.png,1
/shared/u/xiangruz/classification/experimental/Noble/images/31/220.png,0
/shared/u/xiangruz/classification/experimental/Noble/images/72/348.png,1
/shared/u/xiangruz/classification/experimental/Noble/images/31/383.png,0
/shared/u/xiangruz/classification/experimental/Noble/images/69/347.png,6
/shared/u/xiangruz/classification/experimental/Noble/images/31/50.png,0
/shared/u/xiangruz/classification/experimental/Noble/images/35/26.png,3
/shared/u/xiangruz/classification/experimental/Noble/images/43/43.png,2
/shared/u/xiangruz/classification/experimental/Noble/images/73/366.png,5
/shared/u/xiangruz/classification/experimental/Noble/images/69/154.png,6
/shared/u/xiangruz/classification/experimental/Noble/images/69/259.png,6
/shared/u/xiangruz/classification/experimental/Noble/images/69/373.png,6
/shared/u/xiangruz/classification/experimental/Noble/images/43/347.png,2
/shared/u/xiangruz/classification/experimental/Noble/images/69/149.png,6
/shared/u/xiangruz/classification/experimental/Noble/images/72/56.png,1
/shared/u/xiangruz/classification/experimental/Noble/images/69/70.png,6
/shared/u/xiangruz/classification/experimental/Noble/images/35/358.png,3
/shared/u/xiangruz/classification/experimental/Noble/images/35/250.png,3
/shared/u/xiangruz/classification/experimental/Noble/images/35/335.png,3
/shared/u/xiangruz/classification/experimental/Noble/images/33/206.png,4
/shared/u/xiangruz/classification/experimental/Noble/images/35/190.png,3
/shared/u/xiangruz/classification/experimental/Noble/images/35/173.png,3
/shared/u/xiangruz/classification/experimental/Noble/images/43/100.png,2
/shared/u/xiangruz/classification/experimental/Noble/images/31/193.png,0
/shared/u/xiangruz/classification/experimental/Noble/images/33/282.png,4
/shared/u/xiangruz/classification/experimental/Noble/images/72/350.png,1
/shared/u/xiangruz/classification/experimental/Noble/images/69/136.png,6
/shared/u/xiangruz/classification/experimental/Noble/images/73/350.png,5
/shared/u/xiangruz/classification/experimental/Noble/images/72/328.png,1
/shared/u/xiangruz/classification/experimental/Noble/images/72/9.png,1
/shared/u/xiangruz/classification/experimental/Noble/images/72/114.png,1
/shared/u/xiangruz/classification/experimental/Noble/images/69/152.png,6
/shared/u/xiangruz/classification/experimental/Noble/images/33/12.png,4
/shared/u/xiangruz/classification/experimental/Noble/images/35/242.png,3
/shared/u/xiangruz/classification/experimental/Noble/images/43/329.png,2
/shared/u/xiangruz/classification/experimental/Noble/images/31/36.png,0
/shared/u/xiangruz/classification/experimental/Noble/images/72/223.png,1
/shared/u/xiangruz/classification/experimental/Noble/images/33/256.png,4
/shared/u/xiangruz/classification/experimental/Noble/images/33/179.png,4
/shared/u/xiangruz/classification/experimental/Noble/images/73/332.png,5
/shared/u/xiangruz/classification/experimental/Noble/images/33/361.png,4
/shared/u/xiangruz/classification/experimental/Noble/images/73/31.png,5
/shared/u/xiangruz/classification/experimental/Noble/images/72/329.png,1
/shared/u/xiangruz/classification/experimental/Noble/images/72/294.png,1
/shared/u/xiangruz/classification/experimental/Noble/images/35/245.png,3
/shared/u/xiangruz/classification/experimental/Noble/images/35/355.png,3
/shared/u/xiangruz/classification/experimental/Noble/images/72/91.png,1
/shared/u/xiangruz/classification/experimental/Noble/images/73/256.png,5
/shared/u/xiangruz/classification/experimental/Noble/images/31/91.png,0
/shared/u/xiangruz/classification/experimental/Noble/images/43/3.png,2
/shared/u/xiangruz/classification/experimental/Noble/images/72/23.png,1
/shared/u/xiangruz/classification/experimental/Noble/images/72/399.png,1
/shared/u/xiangruz/classification/experimental/Noble/images/69/225.png,6
/shared/u/xiangruz/classification/experimental/Noble/images/35/181.png,3
/shared/u/xiangruz/classification/experimental/Noble/images/31/54.png,0
/shared/u/xiangruz/classification/experimental/Noble/images/33/45.png,4
/shared/u/xiangruz/classification/experimental/Noble/images/73/187.png,5
/shared/u/xiangruz/classification/experimental/Noble/images/69/272.png,6
/shared/u/xiangruz/classification/experimental/Noble/images/72/280.png,1
/shared/u/xiangruz/classification/experimental/Noble/images/69/273.png,6
/shared/u/xiangruz/classification/experimental/Noble/images/73/143.png,5
/shared/u/xiangruz/classification/experimental/Noble/images/72/94.png,1
/shared/u/xiangruz/classification/experimental/Noble/images/35/346.png,3
/shared/u/xiangruz/classification/experimental/Noble/images/33/79.png,4
/shared/u/xiangruz/classification/experimental/Noble/images/43/210.png,2
/shared/u/xiangruz/classification/experimental/Noble/images/69/305.png,6
/shared/u/xiangruz/classification/experimental/Noble/images/43/106.png,2
/shared/u/xiangruz/classification/experimental/Noble/images/72/346.png,1
/shared/u/xiangruz/classification/experimental/Noble/images/35/178.png,3
/shared/u/xiangruz/classification/experimental/Noble/images/33/193.png,4
/shared/u/xiangruz/classification/experimental/Noble/images/31/219.png,0
/shared/u/xiangruz/classification/experimental/Noble/images/31/6.png,0
/shared/u/xiangruz/classification/experimental/Noble/images/43/349.png,2
/shared/u/xiangruz/classification/experimental/Noble/images/72/42.png,1
/shared/u/xiangruz/classification/experimental/Noble/images/72/241.png,1
/shared/u/xiangruz/classification/experimental/Noble/images/43/391.png,2
/shared/u/xiangruz/classification/experimental/Noble/images/35/210.png,3
/shared/u/xiangruz/classification/experimental/Noble/images/73/396.png,5
/shared/u/xiangruz/classification/experimental/Noble/images/72/264.png,1
/shared/u/xiangruz/classification/experimental/Noble/images/69/46.png,6
/shared/u/xiangruz/classification/experimental/Noble/images/31/116.png,0
/shared/u/xiangruz/classification/experimental/Noble/images/43/232.png,2
/shared/u/xiangruz/classification/experimental/Noble/images/31/277.png,0
/shared/u/xiangruz/classification/experimental/Noble/images/31/110.png,0
/shared/u/xiangruz/classification/experimental/Noble/images/43/104.png,2
/shared/u/xiangruz/classification/experimental/Noble/images/33/91.png,4
/shared/u/xiangruz/classification/experimental/Noble/images/31/196.png,0
/shared/u/xiangruz/classification/experimental/Noble/images/43/140.png,2
/shared/u/xiangruz/classification/experimental/Noble/images/73/38.png,5
/shared/u/xiangruz/classification/experimental/Noble/images/31/10.png,0
/shared/u/xiangruz/classification/experimental/Noble/images/43/237.png,2
/shared/u/xiangruz/classification/experimental/Noble/images/33/336.png,4
/shared/u/xiangruz/classification/experimental/Noble/images/43/293.png,2
/shared/u/xiangruz/classification/experimental/Noble/images/43/365.png,2
/shared/u/xiangruz/classification/experimental/Noble/images/72/10.png,1
/shared/u/xiangruz/classification/experimental/Noble/images/43/271.png,2
/shared/u/xiangruz/classification/experimental/Noble/images/31/375.png,0
/shared/u/xiangruz/classification/experimental/Noble/images/35/196.png,3
/shared/u/xiangruz/classification/experimental/Noble/images/31/215.png,0
/shared/u/xiangruz/classification/experimental/Noble/images/43/77.png,2
/shared/u/xiangruz/classification/experimental/Noble/images/72/307.png,1
/shared/u/xiangruz/classification/experimental/Noble/images/43/107.png,2
/shared/u/xiangruz/classification/experimental/Noble/images/43/186.png,2
/shared/u/xiangruz/classification/experimental/Noble/images/43/147.png,2
/shared/u/xiangruz/classification/experimental/Noble/images/35/231.png,3
/shared/u/xiangruz/classification/experimental/Noble/images/35/192.png,3
/shared/u/xiangruz/classification/experimental/Noble/images/33/323.png,4
/shared/u/xiangruz/classification/experimental/Noble/images/31/182.png,0
/shared/u/xiangruz/classification/experimental/Noble/images/43/16.png,2
/shared/u/xiangruz/classification/experimental/Noble/images/43/346.png,2
/shared/u/xiangruz/classification/experimental/Noble/images/73/304.png,5
/shared/u/xiangruz/classification/experimental/Noble/images/33/153.png,4
/shared/u/xiangruz/classification/experimental/Noble/images/72/179.png,1
/shared/u/xiangruz/classification/experimental/Noble/images/31/104.png,0
/shared/u/xiangruz/classification/experimental/Noble/images/31/12.png,0
/shared/u/xiangruz/classification/experimental/Noble/images/35/132.png,3
/shared/u/xiangruz/classification/experimental/Noble/images/73/110.png,5
/shared/u/xiangruz/classification/experimental/Noble/images/35/110.png,3
/shared/u/xiangruz/classification/experimental/Noble/images/33/34.png,4
/shared/u/xiangruz/classification/experimental/Noble/images/72/19.png,1
/shared/u/xiangruz/classification/experimental/Noble/images/73/78.png,5
/shared/u/xiangruz/classification/experimental/Noble/images/69/141.png,6
/shared/u/xiangruz/classification/experimental/Noble/images/72/62.png,1
/shared/u/xiangruz/classification/experimental/Noble/images/69/218.png,6
/shared/u/xiangruz/classification/experimental/Noble/images/73/267.png,5
/shared/u/xiangruz/classification/experimental/Noble/images/69/202.png,6
/shared/u/xiangruz/classification/experimental/Noble/images/69/343.png,6
/shared/u/xiangruz/classification/experimental/Noble/images/69/258.png,6
/shared/u/xiangruz/classification/experimental/Noble/images/31/230.png,0
/shared/u/xiangruz/classification/experimental/Noble/images/72/172.png,1
/shared/u/xiangruz/classification/experimental/Noble/images/72/151.png,1
/shared/u/xiangruz/classification/experimental/Noble/images/31/360.png,0
/shared/u/xiangruz/classification/experimental/Noble/images/33/309.png,4
/shared/u/xiangruz/classification/experimental/Noble/images/73/388.png,5
/shared/u/xiangruz/classification/experimental/Noble/images/43/392.png,2
/shared/u/xiangruz/classification/experimental/Noble/images/35/301.png,3
/shared/u/xiangruz/classification/experimental/Noble/images/33/212.png,4
/shared/u/xiangruz/classification/experimental/Noble/images/73/320.png,5
/shared/u/xiangruz/classification/experimental/Noble/images/72/275.png,1
/shared/u/xiangruz/classification/experimental/Noble/images/73/365.png,5
/shared/u/xiangruz/classification/experimental/Noble/images/43/155.png,2
/shared/u/xiangruz/classification/experimental/Noble/images/31/109.png,0
/shared/u/xiangruz/classification/experimental/Noble/images/72/312.png,1
/shared/u/xiangruz/classification/experimental/Noble/images/43/254.png,2
/shared/u/xiangruz/classification/experimental/Noble/images/73/266.png,5
/shared/u/xiangruz/classification/experimental/Noble/images/72/345.png,1
/shared/u/xiangruz/classification/experimental/Noble/images/69/86.png,6
/shared/u/xiangruz/classification/experimental/Noble/images/69/213.png,6
/shared/u/xiangruz/classification/experimental/Noble/images/73/306.png,5
/shared/u/xiangruz/classification/experimental/Noble/images/72/229.png,1
/shared/u/xiangruz/classification/experimental/Noble/images/72/321.png,1
/shared/u/xiangruz/classification/experimental/Noble/images/69/396.png,6
/shared/u/xiangruz/classification/experimental/Noble/images/69/210.png,6
/shared/u/xiangruz/classification/experimental/Noble/images/69/7.png,6
/shared/u/xiangruz/classification/experimental/Noble/images/33/246.png,4
/shared/u/xiangruz/classification/experimental/Noble/images/72/51.png,1
/shared/u/xiangruz/classification/experimental/Noble/images/43/358.png,2
/shared/u/xiangruz/classification/experimental/Noble/images/73/361.png,5
/shared/u/xiangruz/classification/experimental/Noble/images/35/258.png,3
/shared/u/xiangruz/classification/experimental/Noble/images/33/297.png,4
/shared/u/xiangruz/classification/experimental/Noble/images/69/171.png,6
/shared/u/xiangruz/classification/experimental/Noble/images/43/96.png,2
/shared/u/xiangruz/classification/experimental/Noble/images/73/106.png,5
/shared/u/xiangruz/classification/experimental/Noble/images/35/330.png,3
/shared/u/xiangruz/classification/experimental/Noble/images/35/67.png,3
/shared/u/xiangruz/classification/experimental/Noble/images/31/48.png,0
/shared/u/xiangruz/classification/experimental/Noble/images/31/246.png,0
/shared/u/xiangruz/classification/experimental/Noble/images/33/137.png,4
/shared/u/xiangruz/classification/experimental/Noble/images/43/57.png,2
/shared/u/xiangruz/classification/experimental/Noble/images/31/320.png,0
/shared/u/xiangruz/classification/experimental/Noble/images/72/206.png,1
/shared/u/xiangruz/classification/experimental/Noble/images/43/93.png,2
/shared/u/xiangruz/classification/experimental/Noble/images/35/382.png,3
/shared/u/xiangruz/classification/experimental/Noble/images/69/236.png,6
/shared/u/xiangruz/classification/experimental/Noble/images/69/64.png,6
/shared/u/xiangruz/classification/experimental/Noble/images/31/127.png,0
/shared/u/xiangruz/classification/experimental/Noble/images/33/391.png,4
/shared/u/xiangruz/classification/experimental/Noble/images/43/90.png,2
/shared/u/xiangruz/classification/experimental/Noble/images/43/319.png,2
/shared/u/xiangruz/classification/experimental/Noble/images/31/168.png,0
/shared/u/xiangruz/classification/experimental/Noble/images/72/353.png,1
/shared/u/xiangruz/classification/experimental/Noble/images/43/398.png,2
/shared/u/xiangruz/classification/experimental/Noble/images/33/26.png,4
/shared/u/xiangruz/classification/experimental/Noble/images/33/70.png,4
/shared/u/xiangruz/classification/experimental/Noble/images/72/220.png,1
/shared/u/xiangruz/classification/experimental/Noble/images/35/368.png,3
/shared/u/xiangruz/classification/experimental/Noble/images/72/16.png,1
/shared/u/xiangruz/classification/experimental/Noble/images/35/214.png,3
/shared/u/xiangruz/classification/experimental/Noble/images/73/8.png,5
/shared/u/xiangruz/classification/experimental/Noble/images/72/7.png,1
/shared/u/xiangruz/classification/experimental/Noble/images/33/244.png,4
/shared/u/xiangruz/classification/experimental/Noble/images/72/377.png,1
/shared/u/xiangruz/classification/experimental/Noble/images/69/18.png,6
/shared/u/xiangruz/classification/experimental/Noble/images/35/211.png,3
/shared/u/xiangruz/classification/experimental/Noble/images/43/285.png,2
/shared/u/xiangruz/classification/experimental/Noble/images/72/84.png,1
/shared/u/xiangruz/classification/experimental/Noble/images/43/222.png,2
/shared/u/xiangruz/classification/experimental/Noble/images/72/214.png,1
/shared/u/xiangruz/classification/experimental/Noble/images/31/165.png,0
/shared/u/xiangruz/classification/experimental/Noble/images/35/90.png,3
/shared/u/xiangruz/classification/experimental/Noble/images/72/337.png,1
/shared/u/xiangruz/classification/experimental/Noble/images/43/251.png,2
/shared/u/xiangruz/classification/experimental/Noble/images/43/74.png,2
/shared/u/xiangruz/classification/experimental/Noble/images/73/302.png,5
/shared/u/xiangruz/classification/experimental/Noble/images/73/64.png,5
/shared/u/xiangruz/classification/experimental/Noble/images/69/216.png,6
/shared/u/xiangruz/classification/experimental/Noble/images/73/237.png,5
/shared/u/xiangruz/classification/experimental/Noble/images/31/93.png,0
/shared/u/xiangruz/classification/experimental/Noble/images/72/284.png,1
/shared/u/xiangruz/classification/experimental/Noble/images/35/399.png,3
/shared/u/xiangruz/classification/experimental/Noble/images/35/198.png,3
/shared/u/xiangruz/classification/experimental/Noble/images/69/96.png,6
/shared/u/xiangruz/classification/experimental/Noble/images/35/327.png,3
/shared/u/xiangruz/classification/experimental/Noble/images/35/86.png,3
/shared/u/xiangruz/classification/experimental/Noble/images/33/390.png,4
/shared/u/xiangruz/classification/experimental/Noble/images/43/123.png,2
/shared/u/xiangruz/classification/experimental/Noble/images/69/0.png,6
/shared/u/xiangruz/classification/experimental/Noble/images/31/287.png,0
/shared/u/xiangruz/classification/experimental/Noble/images/35/201.png,3
/shared/u/xiangruz/classification/experimental/Noble/images/73/271.png,5
/shared/u/xiangruz/classification/experimental/Noble/images/31/100.png,0
/shared/u/xiangruz/classification/experimental/Noble/images/31/23.png,0
/shared/u/xiangruz/classification/experimental/Noble/images/69/356.png,6
/shared/u/xiangruz/classification/experimental/Noble/images/73/36.png,5
/shared/u/xiangruz/classification/experimental/Noble/images/31/268.png,0
/shared/u/xiangruz/classification/experimental/Noble/images/43/252.png,2
/shared/u/xiangruz/classification/experimental/Noble/images/69/107.png,6
/shared/u/xiangruz/classification/experimental/Noble/images/33/89.png,4
/shared/u/xiangruz/classification/experimental/Noble/images/73/222.png,5
/shared/u/xiangruz/classification/experimental/Noble/images/72/102.png,1
/shared/u/xiangruz/classification/experimental/Noble/images/69/376.png,6
/shared/u/xiangruz/classification/experimental/Noble/images/35/383.png,3
/shared/u/xiangruz/classification/experimental/Noble/images/35/384.png,3
/shared/u/xiangruz/classification/experimental/Noble/images/43/295.png,2
/shared/u/xiangruz/classification/experimental/Noble/images/69/230.png,6
/shared/u/xiangruz/classification/experimental/Noble/images/69/293.png,6
/shared/u/xiangruz/classification/experimental/Noble/images/31/357.png,0
/shared/u/xiangruz/classification/experimental/Noble/images/43/169.png,2
/shared/u/xiangruz/classification/experimental/Noble/images/31/248.png,0
/shared/u/xiangruz/classification/experimental/Noble/images/73/134.png,5
/shared/u/xiangruz/classification/experimental/Noble/images/33/298.png,4
/shared/u/xiangruz/classification/experimental/Noble/images/72/47.png,1
/shared/u/xiangruz/classification/experimental/Noble/images/43/165.png,2
/shared/u/xiangruz/classification/experimental/Noble/images/31/130.png,0
/shared/u/xiangruz/classification/experimental/Noble/images/35/25.png,3
/shared/u/xiangruz/classification/experimental/Noble/images/35/19.png,3
/shared/u/xiangruz/classification/experimental/Noble/images/35/394.png,3
/shared/u/xiangruz/classification/experimental/Noble/images/43/9.png,2
/shared/u/xiangruz/classification/experimental/Noble/images/72/166.png,1
/shared/u/xiangruz/classification/experimental/Noble/images/43/92.png,2
/shared/u/xiangruz/classification/experimental/Noble/images/73/96.png,5
/shared/u/xiangruz/classification/experimental/Noble/images/43/188.png,2
/shared/u/xiangruz/classification/experimental/Noble/images/69/20.png,6
/shared/u/xiangruz/classification/experimental/Noble/images/73/239.png,5
/shared/u/xiangruz/classification/experimental/Noble/images/35/396.png,3
/shared/u/xiangruz/classification/experimental/Noble/images/72/26.png,1
/shared/u/xiangruz/classification/experimental/Noble/images/69/116.png,6
/shared/u/xiangruz/classification/experimental/Noble/images/35/308.png,3
/shared/u/xiangruz/classification/experimental/Noble/images/31/144.png,0
/shared/u/xiangruz/classification/experimental/Noble/images/73/229.png,5
/shared/u/xiangruz/classification/experimental/Noble/images/72/86.png,1
/shared/u/xiangruz/classification/experimental/Noble/images/73/175.png,5
